Brats20ID,Survival_days,Age,label1,label2,label4
BraTS20_Training_001,289,60.463,55,109,61
BraTS20_Training_002,616,52.263000000000005,33,89,35
BraTS20_Training_003,464,54.301,18,63,23
BraTS20_Training_004,788,39.068000000000005,43,78,42
BraTS20_Training_005,465,68.493,51,58,52
